{"cameraMode":{"drawMode":0,"name":"Shaded","section":"Shading Mode"},"sceneLighting":true,"audioPlay":false,"sceneViewState":{"m_AlwaysRefresh":false,"showFog":true,"showSkybox":true,"showFlares":true,"showImageEffects":true,"showParticleSystems":true,"showVisualEffectGraphs":true,"m_FxEnabled":true},"in2DMode":false,"pivot":{"x":12.196717262268067,"y":1.538373351097107,"z":-4.705664157867432},"rotation":{"x":0.27913880348205569,"y":0.07328401505947113,"z":-0.024294473230838777,"w":0.9572812914848328},"size":0.6362050771713257,"orthographic":false}